"seed","mt_time","mef_time","mt_miscl","mef_miscl","mt_fe","mef_fe","config"
1,0.154999999999745,2005.02,0,0.533333333333333,0.988017273372,0.893513252646969,"CLUSTERED/visit|jit=0.02|N=15|M=3|P=24|R=3|NT=8|noise=1|off=0.05|lam=8+6+4|mef=1000/slow/TRUE"
2,0.109999999999673,717.054,0,0.533333333333333,0.965618119870137,0.904515751834823,"CLUSTERED/visit|jit=0.02|N=15|M=3|P=24|R=3|NT=8|noise=1|off=0.05|lam=8+6+4|mef=1000/slow/TRUE"
3,0.108000000000175,2173.731,0,0.4,0.972642675082419,0.720979231903295,"CLUSTERED/visit|jit=0.02|N=15|M=3|P=24|R=3|NT=8|noise=1|off=0.05|lam=8+6+4|mef=1000/slow/TRUE"
4,0.104999999999563,620.797999999999,0,0.6,0.968144504567794,0.789843586817436,"CLUSTERED/visit|jit=0.02|N=15|M=3|P=24|R=3|NT=8|noise=1|off=0.05|lam=8+6+4|mef=1000/slow/TRUE"
5,0.105999999999767,2845.116,0,0.466666666666667,0.965069001870467,0.630449889140769,"CLUSTERED/visit|jit=0.02|N=15|M=3|P=24|R=3|NT=8|noise=1|off=0.05|lam=8+6+4|mef=1000/slow/TRUE"
6,0.118000000000393,5276.473,0,0.533333333333333,0.980493555531684,0.53078311584351,"CLUSTERED/visit|jit=0.02|N=15|M=3|P=24|R=3|NT=8|noise=1|off=0.05|lam=8+6+4|mef=1000/slow/TRUE"
7,0.10200000000259,5999.789,0,0.466666666666667,0.966236513534027,0.647619218411191,"CLUSTERED/visit|jit=0.02|N=15|M=3|P=24|R=3|NT=8|noise=1|off=0.05|lam=8+6+4|mef=1000/slow/TRUE"
8,0.113000000001193,1218.4,0,0.4,0.962745919965608,0.573851506829895,"CLUSTERED/visit|jit=0.02|N=15|M=3|P=24|R=3|NT=8|noise=1|off=0.05|lam=8+6+4|mef=1000/slow/TRUE"
9,0.110999999997148,3127.624,0,0.466666666666667,0.96924987766313,0.695341581517073,"CLUSTERED/visit|jit=0.02|N=15|M=3|P=24|R=3|NT=8|noise=1|off=0.05|lam=8+6+4|mef=1000/slow/TRUE"
10,0.116000000001804,3366.906,0,0.4,0.970502829230607,0.892559578863887,"CLUSTERED/visit|jit=0.02|N=15|M=3|P=24|R=3|NT=8|noise=1|off=0.05|lam=8+6+4|mef=1000/slow/TRUE"
11,0.120000000002619,3505.026,0,0.333333333333333,0.983302753540541,0.80292739902176,"CLUSTERED/visit|jit=0.02|N=15|M=3|P=24|R=3|NT=8|noise=1|off=0.05|lam=8+6+4|mef=1000/slow/TRUE"
12,0.0910000000003492,614.595000000001,0,0.6,0.97022502088387,0.563708577660161,"CLUSTERED/visit|jit=0.02|N=15|M=3|P=24|R=3|NT=8|noise=1|off=0.05|lam=8+6+4|mef=1000/slow/TRUE"
13,0.0970000000015716,2886.423,0,0.466666666666667,0.959488159360133,0.831665095644909,"CLUSTERED/visit|jit=0.02|N=15|M=3|P=24|R=3|NT=8|noise=1|off=0.05|lam=8+6+4|mef=1000/slow/TRUE"
14,0.0939999999973224,799.135999999999,0,0.333333333333333,0.973856361406752,0.848572338393621,"CLUSTERED/visit|jit=0.02|N=15|M=3|P=24|R=3|NT=8|noise=1|off=0.05|lam=8+6+4|mef=1000/slow/TRUE"
15,0.10399999999936,3821.419,0,0.4,0.979703404853907,0.878373389350383,"CLUSTERED/visit|jit=0.02|N=15|M=3|P=24|R=3|NT=8|noise=1|off=0.05|lam=8+6+4|mef=1000/slow/TRUE"
16,0.104000000006636,2172.098,0,0.4,0.971334809187062,0.597570945666924,"CLUSTERED/visit|jit=0.02|N=15|M=3|P=24|R=3|NT=8|noise=1|off=0.05|lam=8+6+4|mef=1000/slow/TRUE"
17,0.104999999995925,2927.933,0,0.466666666666667,0.985312266806757,0.785797381274919,"CLUSTERED/visit|jit=0.02|N=15|M=3|P=24|R=3|NT=8|noise=1|off=0.05|lam=8+6+4|mef=1000/slow/TRUE"
18,0.0939999999973224,4564.892,0,0.6,0.982067329344612,0.824589977505079,"CLUSTERED/visit|jit=0.02|N=15|M=3|P=24|R=3|NT=8|noise=1|off=0.05|lam=8+6+4|mef=1000/slow/TRUE"
19,0.108000000000175,2811.172,0,0.533333333333333,0.974766057637816,0.686029611848666,"CLUSTERED/visit|jit=0.02|N=15|M=3|P=24|R=3|NT=8|noise=1|off=0.05|lam=8+6+4|mef=1000/slow/TRUE"
20,0.110000000000582,3927.663,0,0.333333333333333,0.977315198536117,0.651485319883984,"CLUSTERED/visit|jit=0.02|N=15|M=3|P=24|R=3|NT=8|noise=1|off=0.05|lam=8+6+4|mef=1000/slow/TRUE"
21,0.10899999999674,1099.739,0,0.6,0.975255449377864,0.610402537543612,"CLUSTERED/visit|jit=0.02|N=15|M=3|P=24|R=3|NT=8|noise=1|off=0.05|lam=8+6+4|mef=1000/slow/TRUE"
22,0.115000000005239,2083.963,0,0.6,0.97493231061162,0.785714565332972,"CLUSTERED/visit|jit=0.02|N=15|M=3|P=24|R=3|NT=8|noise=1|off=0.05|lam=8+6+4|mef=1000/slow/TRUE"
23,0.115999999994528,1124.494,0,0.333333333333333,0.97579893392253,0.617654030880617,"CLUSTERED/visit|jit=0.02|N=15|M=3|P=24|R=3|NT=8|noise=1|off=0.05|lam=8+6+4|mef=1000/slow/TRUE"
24,0.0950000000011642,2599.095,0,0.2,0.97699955116604,0.854153319654675,"CLUSTERED/visit|jit=0.02|N=15|M=3|P=24|R=3|NT=8|noise=1|off=0.05|lam=8+6+4|mef=1000/slow/TRUE"
25,0.0910000000003492,3479.64,0,0.533333333333333,0.963389111079033,0.763021362137651,"CLUSTERED/visit|jit=0.02|N=15|M=3|P=24|R=3|NT=8|noise=1|off=0.05|lam=8+6+4|mef=1000/slow/TRUE"
26,0.0980000000126893,998.12999999999,0,0.4,0.960617589881665,0.905861636647018,"CLUSTERED/visit|jit=0.02|N=15|M=3|P=24|R=3|NT=8|noise=1|off=0.05|lam=8+6+4|mef=1000/slow/TRUE"
27,0.0999999999912689,6274.179,0,0.533333333333333,0.962191174610426,0.586852694781256,"CLUSTERED/visit|jit=0.02|N=15|M=3|P=24|R=3|NT=8|noise=1|off=0.05|lam=8+6+4|mef=1000/slow/TRUE"
28,0.0969999999942956,5649.904,0,0.466666666666667,0.943836175185559,0.852087385083211,"CLUSTERED/visit|jit=0.02|N=15|M=3|P=24|R=3|NT=8|noise=1|off=0.05|lam=8+6+4|mef=1000/slow/TRUE"
29,0.0990000000019791,3225.939,0,0.533333333333333,0.97198441884809,0.840977025103717,"CLUSTERED/visit|jit=0.02|N=15|M=3|P=24|R=3|NT=8|noise=1|off=0.05|lam=8+6+4|mef=1000/slow/TRUE"
30,0.119000000006054,1047.62999999999,0,0.2,0.959319983506489,0.684277331862607,"CLUSTERED/visit|jit=0.02|N=15|M=3|P=24|R=3|NT=8|noise=1|off=0.05|lam=8+6+4|mef=1000/slow/TRUE"
31,0.11699999999837,5592.80499999999,0,0.533333333333333,0.96543013220407,0.825472734545545,"CLUSTERED/visit|jit=0.02|N=15|M=3|P=24|R=3|NT=8|noise=1|off=0.05|lam=8+6+4|mef=1000/slow/TRUE"
32,0.114000000001397,5229.865,0,0.533333333333333,0.982216487042553,0.837321232662707,"CLUSTERED/visit|jit=0.02|N=15|M=3|P=24|R=3|NT=8|noise=1|off=0.05|lam=8+6+4|mef=1000/slow/TRUE"
33,0.0999999999912689,3425.365,0,0.533333333333333,0.973508471201632,0.646935733685408,"CLUSTERED/visit|jit=0.02|N=15|M=3|P=24|R=3|NT=8|noise=1|off=0.05|lam=8+6+4|mef=1000/slow/TRUE"
34,0.111000000004424,6518.958,0,0.533333333333333,0.973664480689707,0.696794367641102,"CLUSTERED/visit|jit=0.02|N=15|M=3|P=24|R=3|NT=8|noise=1|off=0.05|lam=8+6+4|mef=1000/slow/TRUE"
35,0.13300000000163,3456,0,0.533333333333333,0.974823822293046,0.833299263975205,"CLUSTERED/visit|jit=0.02|N=15|M=3|P=24|R=3|NT=8|noise=1|off=0.05|lam=8+6+4|mef=1000/slow/TRUE"
36,0.0950000000011642,2158.031,0,0.266666666666667,0.980756706823044,0.911974180159603,"CLUSTERED/visit|jit=0.02|N=15|M=3|P=24|R=3|NT=8|noise=1|off=0.05|lam=8+6+4|mef=1000/slow/TRUE"
37,0.108000000007451,5015.162,0,0.533333333333333,0.975771534708073,0.864582301506244,"CLUSTERED/visit|jit=0.02|N=15|M=3|P=24|R=3|NT=8|noise=1|off=0.05|lam=8+6+4|mef=1000/slow/TRUE"
38,0.0979999999981374,5760.149,0,0.6,0.963241882427492,0.595541564118318,"CLUSTERED/visit|jit=0.02|N=15|M=3|P=24|R=3|NT=8|noise=1|off=0.05|lam=8+6+4|mef=1000/slow/TRUE"
39,0.0939999999973224,4659.23300000001,0,0.4,0.982557581129871,0.815298904245113,"CLUSTERED/visit|jit=0.02|N=15|M=3|P=24|R=3|NT=8|noise=1|off=0.05|lam=8+6+4|mef=1000/slow/TRUE"
40,0.111000000004424,3247.22799999999,0,0.466666666666667,0.947238812710243,0.554568017502043,"CLUSTERED/visit|jit=0.02|N=15|M=3|P=24|R=3|NT=8|noise=1|off=0.05|lam=8+6+4|mef=1000/slow/TRUE"
41,0.0970000000088476,7532.16700000002,0,0.533333333333333,0.978472275068244,0.625519641722772,"CLUSTERED/visit|jit=0.02|N=15|M=3|P=24|R=3|NT=8|noise=1|off=0.05|lam=8+6+4|mef=1000/slow/TRUE"
42,0.092000000004191,6548.51199999999,0,0.533333333333333,0.955866825458804,0.738725496436843,"CLUSTERED/visit|jit=0.02|N=15|M=3|P=24|R=3|NT=8|noise=1|off=0.05|lam=8+6+4|mef=1000/slow/TRUE"
43,0.107999999978347,5480.81299999999,0,0.4,0.97807735386279,0.739622410169141,"CLUSTERED/visit|jit=0.02|N=15|M=3|P=24|R=3|NT=8|noise=1|off=0.05|lam=8+6+4|mef=1000/slow/TRUE"
44,0.105999999999767,4868.62400000001,0,0.533333333333333,0.962584592249851,0.752501681489572,"CLUSTERED/visit|jit=0.02|N=15|M=3|P=24|R=3|NT=8|noise=1|off=0.05|lam=8+6+4|mef=1000/slow/TRUE"
45,0.0980000000272412,8697.625,0,0.266666666666667,0.946625170606607,0.646982487315466,"CLUSTERED/visit|jit=0.02|N=15|M=3|P=24|R=3|NT=8|noise=1|off=0.05|lam=8+6+4|mef=1000/slow/TRUE"
46,0.106999999989057,1759.01000000001,0,0.466666666666667,0.980094137666264,0.609953598418648,"CLUSTERED/visit|jit=0.02|N=15|M=3|P=24|R=3|NT=8|noise=1|off=0.05|lam=8+6+4|mef=1000/slow/TRUE"
47,0.0970000000088476,2414.402,0,0.533333333333333,0.97036957006283,0.478899965522624,"CLUSTERED/visit|jit=0.02|N=15|M=3|P=24|R=3|NT=8|noise=1|off=0.05|lam=8+6+4|mef=1000/slow/TRUE"
48,0.10299999997369,2510.71900000001,0,0.4,0.965986932912672,0.892789679685446,"CLUSTERED/visit|jit=0.02|N=15|M=3|P=24|R=3|NT=8|noise=1|off=0.05|lam=8+6+4|mef=1000/slow/TRUE"
49,0.127000000007683,2940.823,0,0.533333333333333,0.969094373573321,0.705247952911927,"CLUSTERED/visit|jit=0.02|N=15|M=3|P=24|R=3|NT=8|noise=1|off=0.05|lam=8+6+4|mef=1000/slow/TRUE"
50,0.0999999999767169,4017.207,0,0.466666666666667,0.970324312537007,0.598997984735258,"CLUSTERED/visit|jit=0.02|N=15|M=3|P=24|R=3|NT=8|noise=1|off=0.05|lam=8+6+4|mef=1000/slow/TRUE"
51,0.100000000005821,4320.12399999998,0,0.4,0.973014499331569,0.789520128937412,"CLUSTERED/visit|jit=0.02|N=15|M=3|P=24|R=3|NT=8|noise=1|off=0.05|lam=8+6+4|mef=1000/slow/TRUE"
52,0.0980000000272412,943.448999999993,0,0.533333333333333,0.951150574560199,0.600424688889127,"CLUSTERED/visit|jit=0.02|N=15|M=3|P=24|R=3|NT=8|noise=1|off=0.05|lam=8+6+4|mef=1000/slow/TRUE"
53,0.101000000024214,2900.101,0,0.4,0.971027897877468,0.717823667927867,"CLUSTERED/visit|jit=0.02|N=15|M=3|P=24|R=3|NT=8|noise=1|off=0.05|lam=8+6+4|mef=1000/slow/TRUE"
54,0.1019999999844,2386.77099999998,0,0.466666666666667,0.970037677536784,0.830026207117741,"CLUSTERED/visit|jit=0.02|N=15|M=3|P=24|R=3|NT=8|noise=1|off=0.05|lam=8+6+4|mef=1000/slow/TRUE"
55,0.100999999995111,3266.701,0,0.533333333333333,0.966651330922112,0.703650222814765,"CLUSTERED/visit|jit=0.02|N=15|M=3|P=24|R=3|NT=8|noise=1|off=0.05|lam=8+6+4|mef=1000/slow/TRUE"
56,0.100000000005821,2536.23899999997,0,0.6,0.969513500711232,0.846962837005091,"CLUSTERED/visit|jit=0.02|N=15|M=3|P=24|R=3|NT=8|noise=1|off=0.05|lam=8+6+4|mef=1000/slow/TRUE"
57,0.0969999999797437,3543.80599999998,0,0.4,0.973339778076721,0.939606316998541,"CLUSTERED/visit|jit=0.02|N=15|M=3|P=24|R=3|NT=8|noise=1|off=0.05|lam=8+6+4|mef=1000/slow/TRUE"
58,0.311000000016065,3870.552,0,0.4,0.968874854013329,0.898444799455712,"CLUSTERED/visit|jit=0.02|N=15|M=3|P=24|R=3|NT=8|noise=1|off=0.05|lam=8+6+4|mef=1000/slow/TRUE"
59,0.0950000000011642,2401.91700000002,0,0.6,0.982443091002575,0.636004793837803,"CLUSTERED/visit|jit=0.02|N=15|M=3|P=24|R=3|NT=8|noise=1|off=0.05|lam=8+6+4|mef=1000/slow/TRUE"
60,0.111999999993714,1351.084,0,0.533333333333333,0.9767904261627,0.91884765480829,"CLUSTERED/visit|jit=0.02|N=15|M=3|P=24|R=3|NT=8|noise=1|off=0.05|lam=8+6+4|mef=1000/slow/TRUE"
61,0.0979999999981374,2486.37099999998,0,0.466666666666667,0.969042087214827,0.759737622196445,"CLUSTERED/visit|jit=0.02|N=15|M=3|P=24|R=3|NT=8|noise=1|off=0.05|lam=8+6+4|mef=1000/slow/TRUE"
62,0.115999999979977,2183.58100000001,0,0.6,0.969241286411795,0.76868600840421,"CLUSTERED/visit|jit=0.02|N=15|M=3|P=24|R=3|NT=8|noise=1|off=0.05|lam=8+6+4|mef=1000/slow/TRUE"
63,0.103999999992084,2971.69399999999,0,0.533333333333333,0.971091000351163,0.706307240446015,"CLUSTERED/visit|jit=0.02|N=15|M=3|P=24|R=3|NT=8|noise=1|off=0.05|lam=8+6+4|mef=1000/slow/TRUE"
64,0.099000000016531,1638.82400000002,0,0.4,0.978897787173358,0.652746420384382,"CLUSTERED/visit|jit=0.02|N=15|M=3|P=24|R=3|NT=8|noise=1|off=0.05|lam=8+6+4|mef=1000/slow/TRUE"
65,0.0940000000118744,4425.23499999999,0,0.6,0.949382410918542,0.728796023103602,"CLUSTERED/visit|jit=0.02|N=15|M=3|P=24|R=3|NT=8|noise=1|off=0.05|lam=8+6+4|mef=1000/slow/TRUE"
66,0.0910000000149012,4284.14199999999,0,0.466666666666667,0.972590667471229,0.741744566914825,"CLUSTERED/visit|jit=0.02|N=15|M=3|P=24|R=3|NT=8|noise=1|off=0.05|lam=8+6+4|mef=1000/slow/TRUE"
67,0.112999999983003,1625.685,0,0.333333333333333,0.976943612644826,0.839112695866976,"CLUSTERED/visit|jit=0.02|N=15|M=3|P=24|R=3|NT=8|noise=1|off=0.05|lam=8+6+4|mef=1000/slow/TRUE"
68,0.0909999999857973,3761.198,0,0.533333333333333,0.975253305958758,0.747918535360726,"CLUSTERED/visit|jit=0.02|N=15|M=3|P=24|R=3|NT=8|noise=1|off=0.05|lam=8+6+4|mef=1000/slow/TRUE"
69,0.100000000005821,4324.49299999999,0,0.466666666666667,0.972053488521882,0.647514064194592,"CLUSTERED/visit|jit=0.02|N=15|M=3|P=24|R=3|NT=8|noise=1|off=0.05|lam=8+6+4|mef=1000/slow/TRUE"
70,0.10899999999674,4227.644,0,0.6,0.982006865943648,0.731269426141177,"CLUSTERED/visit|jit=0.02|N=15|M=3|P=24|R=3|NT=8|noise=1|off=0.05|lam=8+6+4|mef=1000/slow/TRUE"
71,0.106999999989057,705.736999999994,0,0.6,0.953526148804945,0.751097201876024,"CLUSTERED/visit|jit=0.02|N=15|M=3|P=24|R=3|NT=8|noise=1|off=0.05|lam=8+6+4|mef=1000/slow/TRUE"
72,0.0970000000088476,2195.424,0,0.4,0.977282363960107,0.671810450810526,"CLUSTERED/visit|jit=0.02|N=15|M=3|P=24|R=3|NT=8|noise=1|off=0.05|lam=8+6+4|mef=1000/slow/TRUE"
73,0.0969999999797437,1892.448,0,0.466666666666667,0.971345635673511,0.718422903931043,"CLUSTERED/visit|jit=0.02|N=15|M=3|P=24|R=3|NT=8|noise=1|off=0.05|lam=8+6+4|mef=1000/slow/TRUE"
74,0.103999999992084,5364.33600000001,0,0.533333333333333,0.96527631989858,0.664277762985941,"CLUSTERED/visit|jit=0.02|N=15|M=3|P=24|R=3|NT=8|noise=1|off=0.05|lam=8+6+4|mef=1000/slow/TRUE"
75,0.106999999989057,3945.79200000002,0,0.333333333333333,0.963111816103778,0.769964984205081,"CLUSTERED/visit|jit=0.02|N=15|M=3|P=24|R=3|NT=8|noise=1|off=0.05|lam=8+6+4|mef=1000/slow/TRUE"
76,0.0940000000118744,2529.53700000001,0,0.4,0.945194651091405,0.783838395317841,"CLUSTERED/visit|jit=0.02|N=15|M=3|P=24|R=3|NT=8|noise=1|off=0.05|lam=8+6+4|mef=1000/slow/TRUE"
77,0.0929999999934807,3456.77300000002,0,0.333333333333333,0.972297161425992,0.90238716328385,"CLUSTERED/visit|jit=0.02|N=15|M=3|P=24|R=3|NT=8|noise=1|off=0.05|lam=8+6+4|mef=1000/slow/TRUE"
78,0.130000000004657,1635.26300000001,0,0.333333333333333,0.9673298667136,0.66512496007254,"CLUSTERED/visit|jit=0.02|N=15|M=3|P=24|R=3|NT=8|noise=1|off=0.05|lam=8+6+4|mef=1000/slow/TRUE"
79,0.113000000012107,2113.04599999997,0,0.6,0.975172350245173,0.907235700167303,"CLUSTERED/visit|jit=0.02|N=15|M=3|P=24|R=3|NT=8|noise=1|off=0.05|lam=8+6+4|mef=1000/slow/TRUE"
80,0.0979999999981374,824.880999999994,0,0.6,0.976802821432398,0.740095856986603,"CLUSTERED/visit|jit=0.02|N=15|M=3|P=24|R=3|NT=8|noise=1|off=0.05|lam=8+6+4|mef=1000/slow/TRUE"
81,0.100000000034925,2770.89900000003,0,0.4,0.978661516952101,0.724404752894172,"CLUSTERED/visit|jit=0.02|N=15|M=3|P=24|R=3|NT=8|noise=1|off=0.05|lam=8+6+4|mef=1000/slow/TRUE"
82,0.0989999999874271,2714.489,0,0.6,0.97348594443632,0.865134136630302,"CLUSTERED/visit|jit=0.02|N=15|M=3|P=24|R=3|NT=8|noise=1|off=0.05|lam=8+6+4|mef=1000/slow/TRUE"
83,0.0949999999720603,2939.06999999995,0,0.533333333333333,0.982097444921065,0.79249393373694,"CLUSTERED/visit|jit=0.02|N=15|M=3|P=24|R=3|NT=8|noise=1|off=0.05|lam=8+6+4|mef=1000/slow/TRUE"
84,0.0979999999981374,569.591000000015,0,0.466666666666667,0.978022304650468,0.557930510726992,"CLUSTERED/visit|jit=0.02|N=15|M=3|P=24|R=3|NT=8|noise=1|off=0.05|lam=8+6+4|mef=1000/slow/TRUE"
85,0.115999999979977,3048.70000000001,0,0.333333333333333,0.981233681663027,0.85888516977954,"CLUSTERED/visit|jit=0.02|N=15|M=3|P=24|R=3|NT=8|noise=1|off=0.05|lam=8+6+4|mef=1000/slow/TRUE"
86,0.0970000000088476,2481.56899999996,0,0.466666666666667,0.981603837817612,0.845156052266084,"CLUSTERED/visit|jit=0.02|N=15|M=3|P=24|R=3|NT=8|noise=1|off=0.05|lam=8+6+4|mef=1000/slow/TRUE"
87,0.115999999979977,2162.277,0,0.533333333333333,0.97661131876837,0.583073231856956,"CLUSTERED/visit|jit=0.02|N=15|M=3|P=24|R=3|NT=8|noise=1|off=0.05|lam=8+6+4|mef=1000/slow/TRUE"
88,0.114000000001397,3620.25599999999,0,0.466666666666667,0.972450681946429,0.790754118721176,"CLUSTERED/visit|jit=0.02|N=15|M=3|P=24|R=3|NT=8|noise=1|off=0.05|lam=8+6+4|mef=1000/slow/TRUE"
89,0.12400000001071,3562.91000000003,0,0.4,0.973081090367688,0.834246382406356,"CLUSTERED/visit|jit=0.02|N=15|M=3|P=24|R=3|NT=8|noise=1|off=0.05|lam=8+6+4|mef=1000/slow/TRUE"
90,0.112000000022817,1417.95299999998,0,0.4,0.979300912643055,0.575982359571366,"CLUSTERED/visit|jit=0.02|N=15|M=3|P=24|R=3|NT=8|noise=1|off=0.05|lam=8+6+4|mef=1000/slow/TRUE"
91,0.117999999958556,3903.962,0,0.466666666666667,0.972733346367218,0.626927412033585,"CLUSTERED/visit|jit=0.02|N=15|M=3|P=24|R=3|NT=8|noise=1|off=0.05|lam=8+6+4|mef=1000/slow/TRUE"
92,0.0979999999981374,1117.27299999999,0,0.533333333333333,0.978257223458946,0.75009755371723,"CLUSTERED/visit|jit=0.02|N=15|M=3|P=24|R=3|NT=8|noise=1|off=0.05|lam=8+6+4|mef=1000/slow/TRUE"
93,0.0989999999874271,2340.63800000004,0,0.6,0.982989247939262,0.883951744300208,"CLUSTERED/visit|jit=0.02|N=15|M=3|P=24|R=3|NT=8|noise=1|off=0.05|lam=8+6+4|mef=1000/slow/TRUE"
94,0.106999999959953,2452.75999999995,0,0.4,0.980433594138616,0.601891221279842,"CLUSTERED/visit|jit=0.02|N=15|M=3|P=24|R=3|NT=8|noise=1|off=0.05|lam=8+6+4|mef=1000/slow/TRUE"
95,0.102000000013504,1191.42700000003,0,0.466666666666667,0.973760318226779,0.645869900616421,"CLUSTERED/visit|jit=0.02|N=15|M=3|P=24|R=3|NT=8|noise=1|off=0.05|lam=8+6+4|mef=1000/slow/TRUE"
96,0.0970000000088476,3064.82500000001,0,0.533333333333333,0.972602104610806,0.669701909315695,"CLUSTERED/visit|jit=0.02|N=15|M=3|P=24|R=3|NT=8|noise=1|off=0.05|lam=8+6+4|mef=1000/slow/TRUE"
97,0.11199999996461,3499.94500000001,0,0.466666666666667,0.92593245036127,0.6666486145408,"CLUSTERED/visit|jit=0.02|N=15|M=3|P=24|R=3|NT=8|noise=1|off=0.05|lam=8+6+4|mef=1000/slow/TRUE"
98,0.0979999999981374,5462.19099999999,0,0.533333333333333,0.975957309267827,0.786867285374255,"CLUSTERED/visit|jit=0.02|N=15|M=3|P=24|R=3|NT=8|noise=1|off=0.05|lam=8+6+4|mef=1000/slow/TRUE"
99,0.0939999999827705,526.651000000013,0,0.4,0.970236353711162,0.65391432548541,"CLUSTERED/visit|jit=0.02|N=15|M=3|P=24|R=3|NT=8|noise=1|off=0.05|lam=8+6+4|mef=1000/slow/TRUE"
100,0.103000000002794,2956.35100000002,0,0.466666666666667,0.978033091043279,0.708572263372974,"CLUSTERED/visit|jit=0.02|N=15|M=3|P=24|R=3|NT=8|noise=1|off=0.05|lam=8+6+4|mef=1000/slow/TRUE"
